<?xml version="1.0" encoding="UTF-8" standalone="no"?>
<changelog xmlns="http://www.omnigroup.com/namespace/OmniPlan/v2">
  <version>2.1</version>
  <task-change-set user="Philipp Dubach" date="2016-09-10T08:46:33.760Z" timestamp="2016-09-10T08:46:33.760Z">
    <change idref="t9" to="t-1" to-position="1" resolved="yes">
      <change idref="t9" attribute="effort" type="real" from="28800" to="0"/>
      <change idref="t9" attribute="internalAssignments" type="string" from="" to="3"/>
      <change idref="t9" attribute="isSplittableTask" type="real" from="1" to="0"/>
      <change idref="t9" attribute="noEarlierThanConstraintDate" type="date" to="2016-09-27T06:00:00.000Z"/>
      <change idref="t9" attribute="percentCompleteForMilestone" type="real" to="0"/>
      <change idref="t9" attribute="taskType" type="real" from="0" to="1"/>
      <change idref="t9" attribute="title" type="string" to="Besprechung 1 mit Diplombetreuer"/>
    </change>
    <change idref="t10" to="t-1" to-position="2" resolved="yes">
      <change idref="t10" attribute="effort" type="real" from="28800" to="0"/>
      <change idref="t10" attribute="internalAssignments" type="string" from="" to="3"/>
      <change idref="t10" attribute="isSplittableTask" type="real" from="1" to="0"/>
      <change idref="t10" attribute="noEarlierThanConstraintDate" type="date" to="2016-10-11T06:00:00.000Z"/>
      <change idref="t10" attribute="percentCompleteForMilestone" type="real" to="0"/>
      <change idref="t10" attribute="taskType" type="real" from="0" to="1"/>
      <change idref="t10" attribute="title" type="string" to="Besprechung 1 mit Diplombetreuer"/>
    </change>
    <change idref="t7" to="t-1" to-position="3" resolved="yes">
      <change idref="t7" attribute="effort" type="real" from="28800" to="0"/>
      <change idref="t7" attribute="internalAssignments" type="string" from="" to="3"/>
      <change idref="t7" attribute="isSplittableTask" type="real" from="1" to="0"/>
      <change idref="t7" attribute="noEarlierThanConstraintDate" type="date" to="2016-10-31T07:00:00.000Z"/>
      <change idref="t7" attribute="percentCompleteForMilestone" type="real" to="0"/>
      <change idref="t7" attribute="taskType" type="real" from="0" to="1"/>
      <change idref="t7" attribute="title" type="string" to="Abgabe Diplomarbeit"/>
    </change>
    <change idref="t11" to="t-1" to-position="4" resolved="yes">
      <change idref="t11" attribute="effort" type="real" from="28800" to="0"/>
      <change idref="t11" attribute="internalAssignments" type="string" from="" to="3"/>
      <change idref="t11" attribute="isSplittableTask" type="real" from="1" to="0"/>
      <change idref="t11" attribute="noEarlierThanConstraintDate" type="date" to="2016-11-18T07:00:00.000Z"/>
      <change idref="t11" attribute="percentCompleteForMilestone" type="real" to="0"/>
      <change idref="t11" attribute="taskType" type="real" from="0" to="1"/>
      <change idref="t11" attribute="title" type="string" to="Präsentation"/>
    </change>
    <change idref="t1" attribute="isSplittableTask" type="real" from="1" to="0" resolved="yes"/>
    <change idref="t1" attribute="taskType" type="real" from="0" to="1" resolved="yes"/>
    <change idref="t1" attribute="title" type="string" from="Vorgang 1" to="Start Diplomarbeit" resolved="yes"/>
    <change idref="t1" attribute="effort" type="real" from="28800" to="0" resolved="yes"/>
    <change idref="t1" attribute="internalAssignments" type="string" from="" to="3" resolved="yes"/>
    <change idref="t1" attribute="percentCompleteForMilestone" type="real" to="0" resolved="yes"/>
    <change idref="t1" attribute="noEarlierThanConstraintDate" type="date" to="2016-09-20T06:00:00.000Z" resolved="yes"/>
  </task-change-set>
  <task-change-set user="Philipp Dubach" date="2016-09-10T09:01:48.221Z" timestamp="2016-09-10T09:01:48.221Z">
    <change idref="t17" to="t-1" to-position="1" resolved="yes">
      <change idref="t17" attribute="isGroup" type="real" from="0" to="1"/>
      <change idref="t17" attribute="taskType" type="real" from="0" to="2"/>
      <change idref="t17" attribute="title" type="string" to="Vorbereitung"/>
    </change>
    <change idref="t12" to="t-1" to-position="2" resolved="yes">
      <change idref="t12" attribute="isGroup" type="real" from="0" to="1"/>
      <change idref="t12" attribute="taskType" type="real" from="0" to="2"/>
      <change idref="t12" attribute="title" type="string" to="Evaluierung"/>
    </change>
    <change idref="t1" attribute="internalAssignments" type="string" from="3" to="" resolved="yes"/>
    <change idref="t7" attribute="internalAssignments" type="string" from="3" to="" resolved="yes"/>
    <change idref="t9" attribute="internalAssignments" type="string" from="3" to="" resolved="yes"/>
    <change idref="t10" attribute="internalAssignments" type="string" from="3" to="" resolved="yes"/>
    <change idref="t11" attribute="internalAssignments" type="string" from="3" to="" resolved="yes"/>
    <change idref="t13" to="t12" to-position="0" resolved="yes">
      <change idref="t13" attribute="title" type="string" to="Vorgang 1"/>
    </change>
    <change idref="t14" to="t12" to-position="1" resolved="yes">
      <change idref="t14" attribute="title" type="string" to="Vorgang 2"/>
    </change>
    <change idref="t15" to="t12" to-position="2" resolved="yes">
      <change idref="t15" attribute="title" type="string" to="Vorgang 3"/>
    </change>
    <change idref="t16" to="t12" to-position="3" resolved="yes">
      <change idref="t16" attribute="title" type="string" to="Vorgang 4"/>
    </change>
    <change idref="t20" to="t17" to-position="0" resolved="yes">
      <change idref="t20" attribute="title" type="string" to="Grundstruktur erstellen"/>
    </change>
    <change idref="t18" to="t17" to-position="1" resolved="yes">
      <change idref="t18" attribute="title" type="string" to="Terminplanung"/>
    </change>
  </task-change-set>
  <task-change-set user="Philipp Dubach" date="2016-09-10T09:07:36.716Z" timestamp="2016-09-10T09:07:36.716Z">
    <change idref="t24" to="t-1" to-position="4" resolved="yes">
      <change idref="t24" attribute="title" type="string" to="Systementwurf/Konzept"/>
    </change>
    <change idref="t21" to="t-1" to-position="5" resolved="yes">
      <change idref="t21" attribute="title" type="string" to="Realisierung"/>
    </change>
    <change idref="t23" to="t-1" to-position="7" resolved="yes">
      <change idref="t23" attribute="title" type="string" to="Analyse/Testing"/>
    </change>
    <change idref="t25" to="t-1" to-position="8" resolved="yes">
      <change idref="t25" attribute="title" type="string" to="Betrieb/Wartung"/>
    </change>
  </task-change-set>
  <task-change-set user="Philipp Dubach" date="2016-09-10T09:25:01.927Z" timestamp="2016-09-10T09:25:01.927Z">
    <change idref="t24" from="t-1" from-position="4" to="t-1" to-position="2" resolved="yes"/>
    <change idref="t9" from="t-1" from-position="4" to="t-1" to-position="3" resolved="yes"/>
    <change idref="t10" from="t-1" from-position="6" to="t-1" to-position="5" resolved="yes"/>
    <change idref="t12" attribute="noEarlierThanConstraintDate" type="date" to="2016-09-27T17:00:00.000Z" resolved="yes"/>
    <change idref="t13" attribute="effort" type="real" from="28800" to="57600" resolved="yes"/>
    <change idref="t14" attribute="effort" type="real" from="28800" to="50400" resolved="yes"/>
    <change idref="t14" attribute="noEarlierThanConstraintDate" type="date" to="2016-10-01T07:00:00.000Z" resolved="yes"/>
    <change idref="t15" attribute="effort" type="real" from="28800" to="57600" resolved="yes"/>
    <change idref="t15" attribute="noEarlierThanConstraintDate" type="date" to="2016-10-03T17:00:00.000Z" resolved="yes"/>
    <change idref="t16" attribute="effort" type="real" from="28800" to="54000" resolved="yes"/>
    <change idref="t16" attribute="noEarlierThanConstraintDate" type="date" to="2016-10-07T17:00:00.000Z" resolved="yes"/>
    <change idref="t17" attribute="noEarlierThanConstraintDate" type="date" to="2016-09-20T06:00:00.000Z" resolved="yes"/>
    <change idref="t18" attribute="noEarlierThanConstraintDate" type="date" to="2016-09-21T06:00:00.000Z" resolved="yes"/>
    <change idref="t20" attribute="noEarlierThanConstraintDate" type="date" to="2016-09-20T06:00:00.000Z" resolved="yes"/>
    <change idref="t21" attribute="effort" type="real" from="28800" to="165600" resolved="yes"/>
    <change idref="t21" attribute="noEarlierThanConstraintDate" type="date" to="2016-10-10T17:00:00.000Z" resolved="yes"/>
    <change idref="t23" attribute="effort" type="real" from="28800" to="97200" resolved="yes"/>
    <change idref="t23" attribute="noEarlierThanConstraintDate" type="date" to="2016-10-20T17:00:00.000Z" resolved="yes"/>
    <change idref="t24" attribute="title" type="string" from="Systementwurf/Konzept" to="Systementwurf &amp; Konzept" resolved="yes"/>
    <change idref="t24" attribute="effort" type="real" from="28800" to="64800" resolved="yes"/>
    <change idref="t24" attribute="internalPrerequisitesString" type="string" to="17FS" resolved="yes"/>
    <change idref="t24" attribute="noEarlierThanConstraintDate" type="date" to="2016-09-22T06:00:00.000Z" resolved="yes"/>
    <change idref="t25" attribute="effort" type="real" from="28800" to="43200" resolved="yes"/>
    <change idref="t25" attribute="noEarlierThanConstraintDate" type="date" to="2016-10-26T17:00:00.000Z" resolved="yes"/>
  </task-change-set>
  <task-change-set user="Philipp Dubach" date="2016-09-10T09:29:01.937Z" timestamp="2016-09-10T09:29:01.937Z">
    <change idref="t11" from="t-1" from-position="10">
      <change idref="t11" attribute="effort" type="real" from="28800" to="0"/>
      <change idref="t11" attribute="isSplittableTask" type="real" from="1" to="0"/>
      <change idref="t11" attribute="noEarlierThanConstraintDate" type="date" to="2016-11-18T07:00:00.000Z"/>
      <change idref="t11" attribute="percentCompleteForMilestone" type="real" to="0"/>
      <change idref="t11" attribute="taskType" type="real" from="0" to="1"/>
      <change idref="t11" attribute="title" type="string" to="Präsentation"/>
    </change>
  </task-change-set>
  <task-change-set user="Philipp Dubach" date="2016-09-10T09:34:50.093Z" timestamp="2016-09-10T09:34:50.093Z">
    <change idref="t7" attribute="internalPrerequisitesString" type="string" to="25FS" resolved="yes"/>
    <change idref="t9" attribute="internalPrerequisitesString" type="string" to="24FS" resolved="yes"/>
    <change idref="t10" attribute="internalPrerequisitesString" type="string" to="12FS" resolved="yes"/>
    <change idref="t12" attribute="internalPrerequisitesString" type="string" to="9FS" resolved="yes"/>
    <change idref="t14" attribute="effort" type="real" from="50400" to="43200" resolved="yes"/>
    <change idref="t16" attribute="effort" type="real" from="54000" to="43200" resolved="yes"/>
    <change idref="t21" attribute="effort" type="real" from="165600" to="144000" resolved="yes"/>
    <change idref="t21" attribute="noEarlierThanConstraintDate" type="date" from="2016-10-10T17:00:00.000Z" to="2016-10-12T17:00:00.000Z" resolved="yes"/>
    <change idref="t21" attribute="internalPrerequisitesString" type="string" to="10FS" resolved="yes"/>
    <change idref="t23" attribute="effort" type="real" from="97200" to="108000" resolved="yes"/>
    <change idref="t23" attribute="noEarlierThanConstraintDate" type="date" from="2016-10-20T17:00:00.000Z" to="2016-10-21T17:00:00.000Z" resolved="yes"/>
    <change idref="t23" attribute="internalPrerequisitesString" type="string" to="21FS" resolved="yes"/>
    <change idref="t24" attribute="effort" type="real" from="64800" to="57600" resolved="yes"/>
    <change idref="t25" attribute="noEarlierThanConstraintDate" type="date" from="2016-10-26T17:00:00.000Z" to="2016-10-27T17:00:00.000Z" resolved="yes"/>
    <change idref="t25" attribute="internalPrerequisitesString" type="string" to="23FS" resolved="yes"/>
  </task-change-set>
  <task-change-set user="Philipp Dubach" date="2016-09-10T09:38:52.990Z" timestamp="2016-09-10T09:38:52.990Z">
    <change idref="t13" attribute="resourceLeveledDate" type="date" to="2016-09-27T17:00:00.000Z" resolved="yes"/>
    <change idref="t14" attribute="resourceLeveledDate" type="date" to="2016-10-01T07:00:00.000Z" resolved="yes"/>
    <change idref="t15" attribute="resourceLeveledDate" type="date" to="2016-10-03T17:00:00.000Z" resolved="yes"/>
    <change idref="t16" attribute="resourceLeveledDate" type="date" to="2016-10-07T17:00:00.000Z" resolved="yes"/>
    <change idref="t18" attribute="resourceLeveledDate" type="date" to="2016-09-21T17:00:00.000Z" resolved="yes"/>
    <change idref="t20" attribute="resourceLeveledDate" type="date" to="2016-09-20T17:00:00.000Z" resolved="yes"/>
    <change idref="t21" attribute="resourceLeveledDate" type="date" to="2016-10-12T17:00:00.000Z" resolved="yes"/>
    <change idref="t23" attribute="resourceLeveledDate" type="date" to="2016-10-21T17:00:00.000Z" resolved="yes"/>
    <change idref="t24" attribute="resourceLeveledDate" type="date" to="2016-09-23T17:00:00.000Z" resolved="yes"/>
    <change idref="t25" attribute="resourceLeveledDate" type="date" to="2016-10-27T17:00:00.000Z" resolved="yes"/>
  </task-change-set>
  <resource-change-set user="Philipp Dubach" date="2016-09-10T08:46:33.759Z" timestamp="2016-09-10T08:46:33.759Z">
    <change idref="r1" attribute="isGroup" type="real" from="0" to="1" resolved="yes"/>
    <change idref="r1" attribute="costPerUse" type="real" from="0" resolved="yes"/>
    <change idref="r1" attribute="costPerHour" type="real" from="0" resolved="yes"/>
    <change idref="r1" attribute="efficiency" type="real" from="1" resolved="yes"/>
    <change idref="r1" attribute="unitsAvailable" type="real" from="1" resolved="yes"/>
    <change idref="r1" attribute="resourceTypeRank" type="real" from="0" to="3" resolved="yes"/>
    <change idref="r1" attribute="name" type="string" from="Ressource 1" to="Diplomarbeit" resolved="yes"/>
    <change idref="r3" to="r1" to-position="0" resolved="yes">
      <change idref="r3" attribute="name" type="string" to="Philipp Dubach"/>
    </change>
    <change idref="r2" to="r1" to-position="1" resolved="yes">
      <change idref="r2" attribute="name" type="string" to="Graziano Felline"/>
    </change>
  </resource-change-set>
  <resource-change-set user="Philipp Dubach" date="2016-09-10T09:01:48.220Z" timestamp="2016-09-10T09:01:48.220Z">
    <change idref="r1" from="r-1" from-position="0" resolved="yes">
      <change idref="r1" attribute="isGroup" type="real" from="0" to="1"/>
      <change idref="r1" attribute="name" type="string" to="Diplomarbeit"/>
      <change idref="r1" attribute="resourceTypeRank" type="real" from="0" to="3"/>
    </change>
  </resource-change-set>
  <resource-change-set user="Philipp Dubach" date="2016-09-10T09:25:01.926Z" timestamp="2016-09-10T09:25:01.926Z">
    <change idref="r-1" attribute="standardHoursString" type="string" from="-;-;-;-;-;-;-" to="32400,43200,46800,61200;68400,82800;68400,82800;68400,82800;68400,82800;68400,82800;32400,43200,46800,61200" resolved="yes"/>
  </resource-change-set>
  <metadata-change-set user="Philipp Dubach" date="2016-09-10T08:46:33.759Z" timestamp="2016-09-10T08:46:33.759Z">
    <change idref="m1" attribute="scheduleGranularity" type="real" from="0" to="2" resolved="yes"/>
    <change idref="m1" attribute="fixedDate" type="date" from="2007-01-01T20:00:00.000Z" to="2016-09-09T22:00:00.000Z" resolved="yes"/>
  </metadata-change-set>
  <metadata-change-set user="Philipp Dubach" date="2016-09-10T09:38:52.989Z" timestamp="2016-09-10T09:38:52.989Z">
    <change idref="m1" attribute="autoLevelResources" type="real" from="0" to="1" resolved="yes"/>
  </metadata-change-set>
</changelog>
