<?xml version="1.0" encoding="UTF-8" standalone="no"?>
<scenario xmlns="http://www.omnigroup.com/namespace/OmniPlan/v2" xmlns:opns="http://www.omnigroup.com/namespace/OmniPlan/v2" id="kH7Vd2tO2Ek">
  <start-date>2016-09-09T22:00:00.000Z</start-date>
  <granularity>days</granularity>
  <prototype-task>
    <task id="t-2">
      <title>Vorgang 1</title>
      <effort>28800</effort>
    </task>
  </prototype-task>
  <prototype-task>
    <task id="t-3">
      <title>Meilenstein 1</title>
      <type>milestone</type>
    </task>
  </prototype-task>
  <prototype-task>
    <task id="t-4">
      <title>Gruppe 1</title>
      <type>group</type>
    </task>
  </prototype-task>
  <prototype-resource>
    <resource id="r-2">
      <name>Ressource 1</name>
      <type>Staff</type>
    </resource>
  </prototype-resource>
  <prototype-resource>
    <resource id="r-3">
      <name>Ausrüstung 1</name>
      <type>Equipment</type>
    </resource>
  </prototype-resource>
  <prototype-resource>
    <resource id="r-4">
      <name>Material 1</name>
      <type>Material</type>
      <units-available>0</units-available>
      <efficiency>0</efficiency>
    </resource>
  </prototype-resource>
  <prototype-resource>
    <resource id="r-5">
      <name>Gruppe 1</name>
      <type>Group</type>
    </resource>
  </prototype-resource>
  <top-resource idref="r-1"/>
  <resource id="r-1">
    <type>Group</type>
    <schedule>
      <schedule-day day-of-week="sunday">
        <time-span start-time="32400" end-time="43200"/>
        <time-span start-time="46800" end-time="61200"/>
      </schedule-day>
      <schedule-day day-of-week="monday">
        <time-span start-time="68400" end-time="82800"/>
      </schedule-day>
      <schedule-day day-of-week="tuesday">
        <time-span start-time="68400" end-time="82800"/>
      </schedule-day>
      <schedule-day day-of-week="wednesday">
        <time-span start-time="68400" end-time="82800"/>
      </schedule-day>
      <schedule-day day-of-week="thursday">
        <time-span start-time="68400" end-time="82800"/>
      </schedule-day>
      <schedule-day day-of-week="friday">
        <time-span start-time="68400" end-time="82800"/>
      </schedule-day>
      <schedule-day day-of-week="saturday">
        <time-span start-time="32400" end-time="43200"/>
        <time-span start-time="46800" end-time="61200"/>
      </schedule-day>
      <calendar name="Time Off" editable="yes" overtime="no"/>
      <calendar name="Overtime" editable="yes" overtime="yes"/>
    </schedule>
  </resource>
  <top-task idref="t-1"/>
  <task id="t-1">
    <type>group</type>
    <child-task idref="t1"/>
    <child-task idref="t17"/>
    <child-task idref="t24"/>
    <child-task idref="t9"/>
    <child-task idref="t12"/>
    <child-task idref="t10"/>
    <child-task idref="t21"/>
    <child-task idref="t23"/>
    <child-task idref="t25"/>
    <child-task idref="t7"/>
  </task>
  <task id="t1">
    <title>Start Diplomarbeit</title>
    <type>milestone</type>
    <leveled-start>2016-09-20T06:00:00.000Z</leveled-start>
    <start-constraint-date>2016-09-20T06:00:00.000Z</start-constraint-date>
    <start-no-earlier-than>2016-09-20T06:00:00.000Z</start-no-earlier-than>
  </task>
  <task id="t7">
    <title>Abgabe Diplomarbeit</title>
    <type>milestone</type>
    <leveled-start>2016-10-31T07:00:00.000Z</leveled-start>
    <start-constraint-date>2016-10-31T07:00:00.000Z</start-constraint-date>
    <prerequisite-task idref="t25"/>
    <start-no-earlier-than>2016-10-31T07:00:00.000Z</start-no-earlier-than>
  </task>
  <task id="t9">
    <title>Besprechung 1 mit Diplombetreuer</title>
    <type>milestone</type>
    <leveled-start>2016-09-27T06:00:00.000Z</leveled-start>
    <start-constraint-date>2016-09-27T06:00:00.000Z</start-constraint-date>
    <prerequisite-task idref="t24"/>
    <start-no-earlier-than>2016-09-27T06:00:00.000Z</start-no-earlier-than>
  </task>
  <task id="t10">
    <title>Besprechung 1 mit Diplombetreuer</title>
    <type>milestone</type>
    <leveled-start>2016-10-11T06:00:00.000Z</leveled-start>
    <start-constraint-date>2016-10-11T06:00:00.000Z</start-constraint-date>
    <prerequisite-task idref="t12"/>
    <start-no-earlier-than>2016-10-11T06:00:00.000Z</start-no-earlier-than>
  </task>
  <task id="t12">
    <title>Evaluierung</title>
    <type>group</type>
    <start-constraint-date>2016-09-27T17:00:00.000Z</start-constraint-date>
    <child-task idref="t13"/>
    <child-task idref="t14"/>
    <child-task idref="t15"/>
    <child-task idref="t16"/>
    <prerequisite-task idref="t9"/>
    <start-no-earlier-than>2016-09-27T17:00:00.000Z</start-no-earlier-than>
  </task>
  <task id="t13">
    <title>Vorgang 1</title>
    <leveled-start>2016-09-27T17:00:00.000Z</leveled-start>
    <effort>57600</effort>
  </task>
  <task id="t14">
    <title>Vorgang 2</title>
    <leveled-start>2016-10-01T07:00:00.000Z</leveled-start>
    <effort>43200</effort>
    <start-constraint-date>2016-10-01T07:00:00.000Z</start-constraint-date>
    <start-no-earlier-than>2016-10-01T07:00:00.000Z</start-no-earlier-than>
  </task>
  <task id="t15">
    <title>Vorgang 3</title>
    <leveled-start>2016-10-03T17:00:00.000Z</leveled-start>
    <effort>57600</effort>
    <start-constraint-date>2016-10-03T17:00:00.000Z</start-constraint-date>
    <start-no-earlier-than>2016-10-03T17:00:00.000Z</start-no-earlier-than>
  </task>
  <task id="t16">
    <title>Vorgang 4</title>
    <leveled-start>2016-10-07T17:00:00.000Z</leveled-start>
    <effort>43200</effort>
    <start-constraint-date>2016-10-07T17:00:00.000Z</start-constraint-date>
    <start-no-earlier-than>2016-10-07T17:00:00.000Z</start-no-earlier-than>
  </task>
  <task id="t17">
    <title>Vorbereitung</title>
    <type>group</type>
    <start-constraint-date>2016-09-20T06:00:00.000Z</start-constraint-date>
    <child-task idref="t20"/>
    <child-task idref="t18"/>
    <start-no-earlier-than>2016-09-20T06:00:00.000Z</start-no-earlier-than>
  </task>
  <task id="t18">
    <title>Terminplanung</title>
    <leveled-start>2016-09-21T17:00:00.000Z</leveled-start>
    <effort>28800</effort>
    <start-constraint-date>2016-09-21T06:00:00.000Z</start-constraint-date>
    <start-no-earlier-than>2016-09-21T06:00:00.000Z</start-no-earlier-than>
  </task>
  <task id="t20">
    <title>Grundstruktur erstellen</title>
    <leveled-start>2016-09-20T17:00:00.000Z</leveled-start>
    <effort>28800</effort>
    <start-constraint-date>2016-09-20T06:00:00.000Z</start-constraint-date>
    <start-no-earlier-than>2016-09-20T06:00:00.000Z</start-no-earlier-than>
  </task>
  <task id="t21">
    <title>Realisierung</title>
    <leveled-start>2016-10-12T17:00:00.000Z</leveled-start>
    <effort>144000</effort>
    <start-constraint-date>2016-10-12T17:00:00.000Z</start-constraint-date>
    <prerequisite-task idref="t10"/>
    <start-no-earlier-than>2016-10-12T17:00:00.000Z</start-no-earlier-than>
  </task>
  <task id="t23">
    <title>Analyse/Testing</title>
    <leveled-start>2016-10-21T17:00:00.000Z</leveled-start>
    <effort>108000</effort>
    <start-constraint-date>2016-10-21T17:00:00.000Z</start-constraint-date>
    <prerequisite-task idref="t21"/>
    <start-no-earlier-than>2016-10-21T17:00:00.000Z</start-no-earlier-than>
  </task>
  <task id="t24">
    <title>Systementwurf &amp; Konzept</title>
    <leveled-start>2016-09-23T17:00:00.000Z</leveled-start>
    <effort>57600</effort>
    <start-constraint-date>2016-09-22T06:00:00.000Z</start-constraint-date>
    <prerequisite-task idref="t17"/>
    <start-no-earlier-than>2016-09-22T06:00:00.000Z</start-no-earlier-than>
  </task>
  <task id="t25">
    <title>Betrieb/Wartung</title>
    <leveled-start>2016-10-27T17:00:00.000Z</leveled-start>
    <effort>43200</effort>
    <start-constraint-date>2016-10-27T17:00:00.000Z</start-constraint-date>
    <prerequisite-task idref="t23"/>
    <start-no-earlier-than>2016-10-27T17:00:00.000Z</start-no-earlier-than>
  </task>
  <critical-path root="-1" enabled="false" resources="false">
    <color r="1" g="0.5" b="0.5"/>
  </critical-path>
</scenario>
